num	image	Cards wanted	Cards in Deck	Name	Rank	Suit	Type	Cost	Upkeep	Production	Bullets	Bullet Bonus	Draw Type	Influence	Control	Outfit	Skill Type	Skill Level	Text	Private	Public	Saloon	Casino	Ranch	Strike	Out of Town	Controller	Owner	Noon	Noon Job	Cheatin'	React	Shootout	Resolution	Boot	Deputy	Abomination	Harrowed	Weapon	Horse	Mystical
1	../doomtowndb/00_files/01001.jpg	1	1	The Fourth Ring			Home			3						FR			19 GR. React, Boot: After your dude succeeds at a spell pull while not at home, you may discard a card from your hand to gain 1 ghost rock and draw a card.	Yes	No	No	No	No	No	No	No	Yes	No	No	No	Yes	No	No	Yes	--	--	--	--	--	--
2	../doomtowndb/00_files/01002.jpg	0	1	Law Dogs 			Home			3						LD			19 GR. Noon, Boot: Choose a dude.  Boot your dudes with a total influence greater than the chosen dude's influence to raise that dude's bounty by 1.	Yes	No	No	No	No	No	No	No	Yes	Yes	No	No	No	No	No	Yes	--	--	--	--	--	--
3	../doomtowndb/00_files/01003.jpg	1	1	Morgan Cattle Co.			Home			3						MC			18 GR. Noon, Boot: Boot one of your dudes to play a deed, reducing the deed's cost by the dude's influence. Move that dude to that deed.	Yes	No	No	No	No	No	No	No	Yes	Yes	No	No	No	No	No	Yes	--	--	--	--	--	--
4	../doomtowndb/00_files/01004.jpg	0	1	The Sloane Gang			Home			3						SG			18 GR. Noon, Boot: Boot your dude in town square. If that dude is still in town square during the Sundown phase, either you gain 1 ghost rock per other player, or your dude permanently gets 1 control point if they do not already have one.	Yes	No	No	No	No	No	No	No	Yes	Yes	No	No	No	No	No	Yes	--	--	--	--	--	--
5	../doomtowndb/00_files/01005.jpg	2	2	Micah Ryse	2	♠	Dude	5	0		0		Stud	1		FR	HK	0	Huckster 0. Noon: Boot a Hex on Micah to move him.	--	--	--	--	--	--	--	--	--	Yes	No	No	No	No	No	Yes	No	No	No	--	--	--
6	../doomtowndb/00_files/01006.jpg	2	2	Mongwau the Mighty	3	♠	Dude	5	1		3		Draw	1		FR	HK	1	Huckster 1. Shootout:  Discard a Hex from Mongwau to make him a stud.	--	--	--	--	--	--	--	--	--	No	No	No	No	Yes	No	No	No	No	No	--	--	--
7	../doomtowndb/00_files/01007.jpg	2	2	Bobo	6	♠	Dude	1	3		1		Stud	1		FR			Abomination. Bobo gains a bullet bonus equal to the highest Huckster skill rating in play.	--	--	--	--	--	--	--	--	--	No	No	No	No	No	No	No	No	Yes	No	--	--	--
8	../doomtowndb/00_files/01008.jpg	2	2	Arnold McCadish	7	♠	Dude	5	0		0		Draw	2		FR	 		React, Pull, Boot: When a dude is discarded as a casualty in a shootout, if the pull is higher than the dude's value, send that dude home booted instead.	--	--	--	--	--	--	--	--	--	No	No	No	Yes	No	No	Yes	No	No	No	--	--	--
9	../doomtowndb/00_files/01009.jpg	2	2	The Ghostly Gun	8	♠	Dude	7	1		2		Stud	2		FR			Abomination. Resolution: Put The Ghostly Gun into your draw hand; he becomes the suit and value of your choice. Discard a card from your draw hand.	--	--	--	--	--	--	--	--	--	No	No	No	No	No	Yes	No	No	Yes	No	--	--	--
10	../doomtowndb/00_files/01010.jpg	2	2	Avie Cline	10	♠	Dude	3	2		0		Draw	2		FR	HK	0	Harrowed. Huckster 0. 	--	--	--	--	--	--	--	--	--	No	No	No	No	No	No	No	No	No	Yes	--	--	--
11	../doomtowndb/00_files/01011.jpg	2	2	Kevin Wainwright	J	♠	Dude	5	1		3		Draw	1		FR			Noon:  Move Kevin to the same location as a Huckster.  Kevin becomes a stud.	--	--	--	--	--	--	--	--	--	Yes	No	No	No	No	No	No	No	No	No	--	--	--
12	../doomtowndb/00_files/01012.jpg	2	2	Tyxarglenak	J	♠	Dude	4	1		2		Stud	0		FR			Abomination.  Other players cannot choose or affect your Hucksters at this location with action cards if they could legally choose to affect Tyxarglenak instead.	--	--	--	--	--	--	--	--	--	No	No	No	No	No	No	No	No	No	No	--	--	--
13	../doomtowndb/00_files/01013.jpg	2	2	Jia Mein	Q	♠	Dude	7	1		2		Draw	2		FR	HK	1	Huckster 1. Shootout: Attach a Hex to Jia Mein (paying all costs) to make him a stud.	--	--	--	--	--	--	--	--	--	No	No	No	No	Yes	No	No	No	No	No	--	--	--
14	../doomtowndb/00_files/01014.jpg	2	2	Ivor Hawley	K	♠	Dude	9	2		1		Stud	3		FR	HK	2	Abomination. Huckster 2. While he has a Hex, Ivor gets +1 bullets, +1 influence, and +1 Huckster skill.	--	--	--	--	--	--	--	--	--	No	No	No	No	No	No	No	No	Yes	No	--	--	--
15	../doomtowndb/00_files/01015.jpg	1	2	Lucinda "Lucy" Clover	A	♠	Dude	2	1		0		Draw	2		LD			If your opponent in Lucy's shootout reveals a cheatin' hand, raise the bounty on each dude in their posse by 1.	--	--	--	--	--	--	--	--	--	No	No	Yes	No	No	No	No	No	No	No	--	--	--
16	../doomtowndb/00_files/01016.jpg	1	2	Judge Harry Somerset	2	♠	Dude	6	2		1		Draw	3		LD			Deputy. Noon Job, Boot: Harry leads a job that marks a wanted dude. If successful, ace the mark.	--	--	--	--	--	--	--	--	--	No	Yes	No	No	No	No	Yes	Yes	No	No	--	--	--
17	../doomtowndb/00_files/01017.jpg	1	2	Philip Swinford	2	♠	Dude	3	0		1		Draw	1		LD			Deputy. Each time a player reveals a cheatin' hand and your hand is legal, you may discard a card from your play hand to draw a card.	--	--	--	--	--	--	--	--	--	No	No	Yes	No	No	No	No	Yes	No	No	--	--	--
18	../doomtowndb/00_files/01018.jpg	1	2	Tommy Harden	3	♠	Dude	5	0		1		Stud	1		LD			Deputy. If your opponent in Tommy's shootout reveals a cheatin' hand, raise your draw hand rank by 1 for this round. If your draw hand is also legal, raise your hand rank by 2 instead.	--	--	--	--	--	--	--	--	--	No	No	Yes	No	No	No	No	Yes	No	No	--	--	--
19	../doomtowndb/00_files/01019.jpg	1	2	Prescott Utter	4	♠	Dude	5	1		?		Draw	?		LD			Prescott's bullets and influence are equal to the number of Law Dogs at his location.	--	--	--	--	--	--	--	--	--	No	No	No	No	No	No	No	No	No	No	--	--	--
20	../doomtowndb/00_files/01020.jpg	1	2	Andreas Andregg	5	♠	Dude	5	1		1		Stud	2		LD	MS	0	Deputy. Mad Scientist 0. 	--	--	--	--	--	--	--	--	--	No	No	No	No	No	No	No	Yes	No	No	--	--	--
21	../doomtowndb/00_files/01021.jpg	1	2	Xiong "Wendy" Cheng	9	♠	Dude	6	1		2		Stud	1		LD			Deputy. Shootout, Boot: Send an opposing dude home booted.	--	--	--	--	--	--	--	--	--	No	No	No	No	Yes	No	Yes	Yes	No	No	--	--	--
22	../doomtowndb/01_files/01022.jpg	1	2	Clyde Owens	10	♠	Dude	7	2		3		Stud	2		LD			Noon: Clyde calls out a dude at his location. A wanted dude cannot refuse the call out.	--	--	--	--	--	--	--	--	--	Yes	No	No	No	No	No	No	No	No	No	--	--	--
23	../doomtowndb/01_files/01023.jpg	1	2	Abram Grothe	J	♠	Dude	5	1		2		Stud	1		LD			Noon Job, Boot: Mark a Holy Ground deed.  If succesful, discard all Abominations and wanted dudes at that deed.	--	--	--	--	--	--	--	--	--	No	Yes	No	No	No	No	Yes	No	No	No	--	--	--
24	../doomtowndb/01_files/01024.jpg	1	2	Sheriff Dave Montreal	K	♠	Dude	9	2		3		Stud	3		LD			Deputy. If your opponent in Dave's shootout reveals a cheatin' hand and you do not, your dudes cannot be casualties this round.	--	--	--	--	--	--	--	--	--	No	No	Yes	No	No	No	No	Yes	No	No	--	--	--
25	../doomtowndb/01_files/01025.jpg	2	2	Irving Patterson	A	♠	Dude	3	0		0		Draw	2		MC			When Irving joins a posse, gain 1 ghost rock.	--	--	--	--	--	--	--	--	--	No	No	No	No	No	No	No	No	No	No	--	--	--
26	../doomtowndb/01_files/01026.jpg	2	2	Prof. Eustace True	4	♠	Dude	5	1		1		Draw	2		MC	MS	1	Mad Scientist 1. Noon:  Discard a Gadget from Eustace to move him to another location.	--	--	--	--	--	--	--	--	--	Yes	No	No	No	No	No	No	No	No	No	--	--	--
27	../doomtowndb/01_files/01027.jpg	2	2	Elander Boldman	6	♠	Dude	6	0		0		Draw	1		MC	MS	2	Mad Scientist 2. Shootout, Pull: Choose your dude with a Weapon Gadget in this shootout.  If the pull is a club, discard that dude.  Otherwise that Gadget gets +3 bullets.	--	--	--	--	--	--	--	--	--	No	No	No	No	Yes	No	No	No	No	No	--	--	--
28	../doomtowndb/01_files/01028.jpg	2	2	James Ghetty	7	♠	Dude	7	1		1		Stud	2		MC	MS	0	Mad Scientist 0. When James enters a posse, place 4 ghost rock on him. The ghost rock may be used to pay for Shootout abilities.  Discard his unsed ghost rock after the shootout.	--	--	--	--	--	--	--	--	--	No	No	No	No	No	No	No	No	No	No	--	--	--
29	../doomtowndb/01_files/01029.jpg	2	2	Jon Longstride	8	♠	Dude	4	0		2		Draw	1		MC			Noon: Unboot Jon's Horse. You may use the Horse's ability an additional time.	--	--	--	--	--	--	--	--	--	Yes	No	No	No	No	No	No	No	No	No	--	--	--
30	../doomtowndb/01_files/01030.jpg	2	2	Lane Healey	8	♠	Dude	6	2		1		Stud	3		MC			Lane gets +2 bullets while he has a Horse.	--	--	--	--	--	--	--	--	--	No	No	No	No	No	No	No	No	No	No	--	--	--
31	../doomtowndb/01_files/01031.jpg	2	2	Jarret Blake	9	♠	Dude	5	1		2		Stud	1		MC			Shootout: If Jarret has a Horse, swap him with one of your dudes in the posse.	--	--	--	--	--	--	--	--	--	No	No	No	No	Yes	No	No	No	No	No	--	--	--
32	../doomtowndb/01_files/01032.jpg	2	2	Harold Aimslee	10	♠	Dude	9	2		1		Stud	3		MC	MS	2	Mad Scientist 2. Noon, Boot: Discard a card from your hand to get a non-Weapon Gadget from your discard pile. Show the card and add it to your hand.	--	--	--	--	--	--	--	--	--	Yes	No	No	No	No	No	Yes	No	No	No	--	--	--
33	../doomtowndb/01_files/01033.jpg	2	2	Rémy LaPointe	J	♠	Dude	7	1		1		Stud	2		MC			Shootout, Pay 1-4 Ghost Rock: Rémy gets +1 bullets for each ghost rock spent, to a maximum of 5 bullets.	--	--	--	--	--	--	--	--	--	No	No	No	No	Yes	No	No	No	No	No	--	--	--
34	../doomtowndb/01_files/01034.jpg	2	2	Max Baine	Q	♠	Dude	6	3		2		Draw	4		MC			Max is worth 1 control point while you control 2 or more Ranches.  Your other dudes at Ranches get +1 influence and +3 value.	--	--	--	--	--	--	--	--	--	No	No	No	No	No	No	No	No	No	No	--	--	--
35	../doomtowndb/01_files/01035.jpg	1	2	Allie Hensman	A	♠	Dude	2	0		2		Draw	0		SG			Noon, Boot:  If Allie is at the town square, she permanently gets 1 control point.	--	--	--	--	--	--	--	--	--	Yes	No	No	No	No	No	Yes	No	No	No	--	--	--
36	../doomtowndb/01_files/01036.jpg	1	2	Fred Aims	2	♠	Dude	4	0		2		Draw	?		SG			Fred's influence is equal to his bounty.	--	--	--	--	--	--	--	--	--	No	No	No	No	No	No	No	No	No	No	--	--	--
37	../doomtowndb/01_files/01037.jpg	1	2	Lawrence Blackwood	3	♠	Dude	3	0		1		Draw	1		SG			Noon, Boot:  If Lawrence is at a deed you do not own, he is worth 1 control point while he stays at that deed.	--	--	--	--	--	--	--	--	--	Yes	No	No	No	No	No	Yes	No	No	No	--	--	--
38	../doomtowndb/01_files/01038.jpg	1	2	Marion Seville	4	♠	Dude	3	1		1		Draw	2		SG			Marion gets +2 bullets while he is wanted.	--	--	--	--	--	--	--	--	--	No	No	No	No	No	No	No	No	No	No	--	--	--
39	../doomtowndb/01_files/01039.jpg	1	2	Sanford Taylor	4	♠	Dude	5	1		2		Stud	1		SG			Noon, Boot: Call out a dude at this deed.  If Sanford is wanted, the call-out cannot be refused.	--	--	--	--	--	--	--	--	--	Yes	No	No	No	No	No	Yes	No	No	No	--	--	--
40	../doomtowndb/01_files/01040.jpg	1	2	Barton Everest	5	♠	Dude	4	1		2		Stud	1		SG			If you reveal a cheatin' hand in Barton's shootout raise your draw hand rank by 1 for this round.	--	--	--	--	--	--	--	--	--	No	No	Yes	No	No	No	No	No	No	No	--	--	--
41	../doomtowndb/01_files/01041.jpg	1	2	Pancho Castillo	5	♠	Dude	5	2		3		Stud	2		SG				--	--	--	--	--	--	--	--	--	No	No	No	No	No	No	No	No	No	No	--	--	--
42	../doomtowndb/01_files/01042.jpg	2	2	Jonah Essex	6	♠	Dude	6	2		2		Stud	2		SG	HK	1	Huckster 1. Other wanted dudes in Jonah's posse get +1 bullets.	--	--	--	--	--	--	--	--	--	No	No	No	No	No	No	No	No	No	No	--	--	--
43	../doomtowndb/02_files/01043.jpg	1	2	Silas Aims	8	♠	Dude	2	0		?		Draw	0		SG			Silas' bullets are equal to his bounty.	--	--	--	--	--	--	--	--	--	No	No	No	No	No	No	No	No	No	No	--	--	--
44	../doomtowndb/02_files/01044.jpg	1	2	Sloane	K	♠	Dude	8	3		4		Stud	3		SG			Sloane's bounty cannot be reduced below 1. Sloane and your other dudes at her location do not boot when forming or joining a posse.	--	--	--	--	--	--	--	--	--	No	No	No	No	No	No	No	No	No	No	--	--	--
45	../doomtowndb/02_files/01045.jpg	0	2	Clementine Lepp	A	♠	Dude	3	0		0		Draw	1		DR			While in a Saloon you own, Clementine gets +1 influence and cannot be called out.	--	--	--	--	--	--	--	--	--	No	No	No	No	No	No	No	No	No	No	--	--	--
46	../doomtowndb/02_files/01046.jpg	0	2	Olivia Jenks	2	♠	Dude	3	1		2		Draw	2		DR				--	--	--	--	--	--	--	--	--	No	No	No	No	No	No	No	No	No	No	--	--	--
47	../doomtowndb/02_files/01047.jpg	1	2	Ramiro Mendoza	3	♠	Dude	3	1		3		Stud	1		DR			When Ramiro joins a posse, you may pay 1 ghost rock. If you do not or cannot pay, discard him.	--	--	--	--	--	--	--	--	--	No	No	No	No	No	No	No	No	No	No	--	--	--
48	../doomtowndb/02_files/01048.jpg	1	2	Steele Archer	4	♠	Dude	5	1		0		Draw	2		DR	HK	2	Huckster 2.	--	--	--	--	--	--	--	--	--	No	No	No	No	No	No	No	No	No	No	--	--	--
49	../doomtowndb/02_files/01049.jpg	1	2	Travis Moone	5	♠	Dude	2	0		2		Draw	0		DR			Grifter. React, Boot: At the start of the game, shuffle your play hand into your deck and draw 5 cards.	--	--	--	--	--	--	--	--	--	No	No	No	Yes	No	No	Yes	No	Yes	No	--	--	--
50	../doomtowndb/02_files/01050.jpg	2	2	Androcles Brocklehurst	7	♠	Dude	4	1		1		Draw	2		DR			Noon, Boot: Choose another player's dude at a deed you own but don't control. Gain ghost rock equal to that dude's influence.	--	--	--	--	--	--	--	--	--	Yes	No	No	No	No	No	Yes	No	No	No	--	--	--
51	../doomtowndb/02_files/01051.jpg	1	2	Steven Wiles	8	♠	Dude	1	6		3		Stud	3		DR				--	--	--	--	--	--	--	--	--	No	No	No	No	No	No	No	No	No	No	--	--	--
52	../doomtowndb/02_files/01052.jpg	2	2	Dr. Dawn Edwards	9	♠	Dude	5	1		0		Draw	2		DR	MS	0	Mad Scientist 0. If you discard Dawn as a casualty, you may search your deck for Eve Henry, and play her for free at this location. Shuffle your deck.	--	--	--	--	--	--	--	--	--	No	No	No	No	No	No	No	No	No	No	--	--	--
53	../doomtowndb/02_files/01053.jpg	1	2	Clint Ramsey	J	♠	Dude	5	1		2		Stud	1		DR				--	--	--	--	--	--	--	--	--	No	No	No	No	No	No	No	No	No	No	--	--	--
54	../doomtowndb/02_files/01054.jpg	2	2	Eve Henry	Q	♠	Dude	5	2		3		Stud	1		DR			Abomination. If you discard Eve as a casualty, you may search your deck for Dr. Dawn Edwards, and play her for free at this location.  Shuffle your deck.	--	--	--	--	--	--	--	--	--	No	No	No	No	No	No	No	No	Yes	No	--	--	--
55	../doomtowndb/02_files/01055.jpg	1	2	Bank of California	A	♦	Deed	5		3					2				Public. Players cannot take ghost rock from the Bank's controller.	No	Yes	No	No	No	No	No	Yes	No	No	No	No	No	No	No	No	--	--	--	--	--	--
56	../doomtowndb/02_files/01056.jpg	0	2	Pony Express	A	♦	Deed	4		2					1				Public. Controller Noon, Boot: Discard a card to draw a card.	No	Yes	No	No	No	No	No	Yes	No	Yes	No	No	No	No	No	Yes	--	--	--	--	--	--
57	../doomtowndb/02_files/01057.jpg	0	2	Gomorra Parish	2	♦	Deed	3		1					0				Private. Holy Ground. Controller Noon, Boot:  Ace a card from your hand to gain 1 ghost rock.	Yes	No	No	No	No	No	No	Yes	No	Yes	No	No	No	No	No	Yes	--	--	--	--	--	--
58	../doomtowndb/02_files/01058.jpg	1	2	The Town Hall	2	♦	Deed	5		2					2				Government. Public. Controller React, Boot: At the start of the Upkeep phase, choose a dude at this location. Lower that dude's upkeep by their influence.	No	Yes	No	No	No	No	No	Yes	No	No	No	No	Yes	No	No	Yes	--	--	--	--	--	--
59	../doomtowndb/02_files/01059.jpg	1	2	1st Baptist Church	3	♦	Deed	3		0					2				Private. Holy Ground. Raise the controller's hand size by one.	Yes	No	No	No	No	No	No	Yes	No	No	No	No	No	No	No	No	--	--	--	--	--	--
60	../doomtowndb/02_files/01060.jpg	0	2	Yan Li's Tailoring	3	♦	Deed	3		2					1				Private. Controller Noon, Boot: Raise a dude's influence by 1.	Yes	No	No	No	No	No	No	Yes	No	Yes	No	No	No	No	No	Yes	--	--	--	--	--	--
61	../doomtowndb/02_files/01061.jpg	0	2	B&B Attorneys	4	♦	Deed	2		1					1				Private. Controller Noon, Boot: Raise of lower the bounty on a wanted dude by one.	Yes	No	No	No	No	No	No	Yes	No	Yes	No	No	No	No	No	Yes	--	--	--	--	--	--
62	../doomtowndb/02_files/01062.jpg	0	2	Dead Dog Tavern	4	♦	Deed	4		2					1				Private. Saloon. Determine control of this deed using bullets instead of influence.	Yes	No	Yes	No	No	No	No	No	No	No	No	No	No	No	No	No	--	--	--	--	--	--
63	../doomtowndb/02_files/01063.jpg	0	2	Charlie's Place	5	♦	Deed	3		2					1				Public. Saloon. Controller Noon, Boot: Raise or lower the bullets of a dude at this location by 2.	No	Yes	Yes	No	No	No	No	Yes	No	Yes	No	No	No	No	No	Yes	--	--	--	--	--	--
64	../doomtowndb/03_files/01064.jpg	1	2	Pearly's Palace	5	♦	Deed	5		3					1				Public. Saloon. Controller React, Boot: After a shootout starts but before any player makes a Shootout play, make a Shootout play.	No	Yes	Yes	No	No	No	No	Yes	No	No	No	No	Yes	No	No	Yes	--	--	--	--	--	--
65	../doomtowndb/03_files/01065.jpg	1	2	Killer Bunnies Casino	6	♦	Deed	4		2					0				Public. Saloon. Casino. The controller of this deed may discard one additional card each Sundown phase.	No	Yes	Yes	Yes	No	No	No	Yes	No	No	No	No	No	No	No	No	--	--	--	--	--	--
66	../doomtowndb/03_files/01066.jpg	2	2	Stagecoach Office	6	♦	Deed	1		0					1				Public. Controller React, Boot: When you bring a non-token dude into play, place that dude at any location you control.	No	Yes	No	No	No	No	No	Yes	No	No	No	No	Yes	No	No	Yes	--	--	--	--	--	--
67	../doomtowndb/03_files/01067.jpg	1	2	Blake Ranch	7	♦	Deed	4		3					0				Private. Ranch. Out of Town. 	Yes	No	No	No	Yes	No	Yes	No	No	No	No	No	No	No	No	No	--	--	--	--	--	--
68	../doomtowndb/03_files/01068.jpg	2	2	Cattle Market	7	♦	Deed	4		2					0				Private. Ranch. This deed has 1 control point if another Ranch is in play. All dudes have their value raised by 3 while at this deed.	Yes	No	No	No	Yes	No	No	No	No	No	No	No	No	No	No	No	--	--	--	--	--	--
69	../doomtowndb/03_files/01069.jpg	2	2	Circle M Ranch	8	♦	Deed	3		2					1				Private. Ranch. Controller Noon, Boot: If you have 3 or fewer cards in your play hand, draw a card.	Yes	No	No	No	Yes	No	No	Yes	No	Yes	No	No	No	No	No	Yes	--	--	--	--	--	--
70	../doomtowndb/03_files/01070.jpg	1	2	Pat's Perch	8	♦	Deed	1		1					0				Private. Strike. Out of Town.	Yes	No	No	No	No	Yes	Yes	No	No	No	No	No	No	No	No	No	--	--	--	--	--	--
71	../doomtowndb/03_files/01071.jpg	2	2	Bunkhouse	9	♦	Deed	2		1					1				Private. Dudes with 0 or 1 influence have +1 influence while at this deed.	Yes	No	No	No	No	No	No	No	No	No	No	No	No	No	No	No	--	--	--	--	--	--
72	../doomtowndb/03_files/01072.jpg	2	2	Morgan Research Institute	9	♦	Deed	5		3					1				Private. Controller Noon, Boot: Raise or lower the skill rating of a dude at this location by 2.	Yes	No	No	No	No	No	No	Yes	No	Yes	No	No	No	No	No	Yes	--	--	--	--	--	--
73	../doomtowndb/03_files/01073.jpg	1	2	Carter's Bounties	10	♦	Deed	2		1					1				Private. Controller Shootout, Boot: Move your dude into your posse from any location.	Yes	No	No	No	No	No	No	Yes	No	No	No	No	No	Yes	No	No	--	--	--	--	--	--
74	../doomtowndb/03_files/01074.jpg	2	2	The Union Casino	10	♦	Deed	5		2					1				Public. Casino. Saloon. Controller Noon, Boot:  Choose your dude at this location pay any amount of ghost rock.  Each other player may then pay any amount of ghost rock. If you paid at least 4 ghost rock more than any other player, your dude permanently gets 1 control point.	No	Yes	Yes	Yes	No	No	No	Yes	No	Yes	No	No	No	No	No	Yes	--	--	--	--	--	--
75	../doomtowndb/03_files/01075.jpg	1	2	Jackson's Strike	J	♦	Deed	2		2					0				Private. Strike. Out of Town.	Yes	No	No	No	No	Yes	Yes	No	No	No	No	No	No	No	No	No	--	--	--	--	--	--
76	../doomtowndb/03_files/01076.jpg	1	2	Undertaker	J	♦	Deed	4		1					2				Private.  This deed's controller gains 2 ghost rock each time a dude is aced.	Yes	No	No	No	No	No	No	Yes	No	No	No	No	No	No	No	No	--	--	--	--	--	--
77	../doomtowndb/03_files/01077.jpg	1	2	General Store	Q	♦	Deed	2		1					1				Private. Controller Noon, Boot: Attach a goods or spell, reducing the cost of that card by 2 ghost rock.	Yes	No	No	No	No	No	No	Yes	No	Yes	No	No	No	No	No	Yes	--	--	--	--	--	--
78	../doomtowndb/03_files/01078.jpg	2	2	The Pharmacy	Q	♦	Deed	4		1					2				Private. Controller Noon, Boot: Unboot a dude.	Yes	No	No	No	No	No	No	Yes	No	Yes	No	No	No	No	No	Yes	--	--	--	--	--	--
79	../doomtowndb/03_files/01079.jpg	1	2	Railroad Station	K	♦	Deed	2		1					1				Private. Controller Noon, Boot: Move your dude from this location to another location.	Yes	No	No	No	No	No	No	Yes	No	Yes	No	No	No	No	No	Yes	--	--	--	--	--	--
80	../doomtowndb/03_files/01080.jpg	1	2	Telegraph Office	K	♦	Deed	4		1					2				Private. Controller Noon, Boot: Choose a dude that was brought into play this Noon phase. Gain ghost rock equal to the dude's influence.	Yes	No	No	No	No	No	No	Yes	No	Yes	No	No	No	No	No	Yes	--	--	--	--	--	--
81	../doomtowndb/03_files/01081.jpg	0	2	Pair of Six-Shooters	A	♥	Goods	1											Weapon. Cheatin' Resolution, Boot: One card in your draw hand changes to the suit and value of your choice.	--	--	--	--	--	--	--	--	--	No	No	Yes	No	No	Yes	Yes	--	--	--	Yes	No	No
82	../doomtowndb/03_files/01082.jpg	0	2	Bluetick	2	♥	Goods	2											Sidekick. Noon, Boot: Move this dude to the same location as a wanted dude.	--	--	--	--	--	--	--	--	--	Yes	No	No	No	No	No	Yes	--	--	--	No	No	No
83	../doomtowndb/03_files/01083.jpg	0	2	Peacemaker	2	♥	Goods	2				1							Weapon. This dude cannot be changed to a draw, and cannot have their bullets lowered by another player's Shootout ability.	--	--	--	--	--	--	--	--	--	No	No	No	No	No	No	No	--	--	--	Yes	No	No
84	../doomtowndb/03_files/01084.jpg	0	2	Shotgun	3	♥	Goods	3				1							Weapon. Shoutout, Boot: Choose and ace an opposing dude in this shootout with a value less than or equal to this dude's bullets.	--	--	--	--	--	--	--	--	--	No	No	No	No	Yes	No	Yes	--	--	--	Yes	No	No
85	../doomtowndb/04_files/01085.jpg	0	2	Whiskey Flask	4	♥	Goods	1											Noon, Boot:  Boot this dude and discard a card from your hand to draw a card.	--	--	--	--	--	--	--	--	--	Yes	No	No	No	No	No	Yes	--	--	--	No	No	No
86	../doomtowndb/04_files/01086.jpg	0	2	Mustang	5	♥	Goods	3											Horse. Noon, Boot: Move this dude.	--	--	--	--	--	--	--	--	--	Yes	No	No	No	No	No	Yes	--	--	--	No	Yes	No
87	../doomtowndb/04_files/01087.jpg	0	2	Pearl-Handled Revolver	5	♥	Goods	1				0	Stud						Weapon.  This dude is a stud.	--	--	--	--	--	--	--	--	--	No	No	No	No	No	No	No	--	--	--	Yes	No	No
88	../doomtowndb/04_files/01088.jpg	2	2	Roan	6	♥	Goods	1											Horse. React, Boot:  Prevent this dude from booting when they join a posse.	--	--	--	--	--	--	--	--	--	No	No	No	Yes	No	No	Yes	--	--	--	No	Yes	No
89	../doomtowndb/04_files/01089.jpg	2	2	Auto-Revolver	7	♥	Goods	1				1					MS	7	Weapon. Gadget. Difficulty 7. You may equip this Gadget as a Shootout play.  When forming a shootout hand, when you redraw after discarding at least one card, you may draw one extra card.	--	--	--	--	--	--	--	--	--	No	No	No	No	No	No	No	--	--	--	Yes	No	No
90	../doomtowndb/04_files/01090.jpg	2	2	Pinto	7	♥	Goods	2											Horse. Shootout, Boot: Move this dude into a posse.	--	--	--	--	--	--	--	--	--	No	No	No	No	Yes	No	Yes	--	--	--	No	Yes	No
91	../doomtowndb/04_files/01091.jpg	2	2	Flame Thrower	8	♥	Goods	2				1	Stud				MS	8	Weapon. Gadget. Difficulty 8. This dude is a stud. Shootout, Pay 1-3 Ghost Rock, Boot: Raise the bullets on this Gadget by 1 for each ghost rock spent. Each round's loser takes 1 extra casualty.	--	--	--	--	--	--	--	--	--	No	No	No	No	Yes	No	Yes	--	--	--	Yes	No	No
92	../doomtowndb/04_files/01092.jpg	2	2	Force Field	8	♥	Goods	1									MS	5	Gadget. Difficulty 5. Repeat Resolution, Pay X Ghost Rock:  Raise your draw hand rank by X for this round, but not to exceed your opponent's hand rank.	--	--	--	--	--	--	--	--	--	No	No	No	No	No	Yes	No	--	--	--	No	No	No
93	../doomtowndb/04_files/01093.jpg	2	2	Quickdraw Handgun	8	♥	Goods	2				1							Weapon. Cheatin' Resolution, Boot: If you have a legal draw hand, exchange draw hands with the cheatin' player. Cheatin' cards cannot be played on you for this round of the shootout.	--	--	--	--	--	--	--	--	--	No	No	Yes	No	No	Yes	Yes	--	--	--	Yes	No	No
94	../doomtowndb/04_files/01094.jpg	2	2	Mechanical Horse	9	♥	Goods	1									MS	5	Horse. Gadget. Difficulty 5. Repeat Noon, Pay 2 Ghost Rock:  Move this dude. React, Boot: Prevent this dude from booting when they join a posse.	--	--	--	--	--	--	--	--	--	Yes	No	No	Yes	No	No	Yes	--	--	--	No	Yes	No
95	../doomtowndb/04_files/01095.jpg	2	2	Tin Star	9	♥	Goods	1											Wanted dudes cannot refuse a call-out from this dude.	--	--	--	--	--	--	--	--	--	No	No	No	No	No	No	No	--	--	--	No	No	No
96	../doomtowndb/04_files/01096.jpg	2	2	Doyle's Hoyle	10	♥	Goods	3											Mystical. React, Boot: If this dude makes a pull or is in a posse, you may discard the pull or a card from your draw hand to replace it with this card.  If the discarded card was a 2, raise your draw hand rank by one.	--	--	--	--	--	--	--	--	--	No	No	No	Yes	No	No	Yes	--	--	--	No	No	Yes
97	../doomtowndb/04_files/01097.jpg	1	2	Buffalo Rifle	J	♥	Goods	2											Weapon. If this dude is adjacent to the location of a shootout or a job's mark, they can join a posse, without moving or booting, even if booted.	--	--	--	--	--	--	--	--	--	No	No	No	No	No	No	No	--	--	--	Yes	No	No
98	../doomtowndb/04_files/01098.jpg	2	2	Legendary Holster	Q	♥	Goods	4				2							Weapon. Mystical. Unique. Shootout Pull, Boot: If the pull is lower than this dude's bullets, ace one dude in the opposing posse.	--	--	--	--	--	--	--	--	--	No	No	No	No	Yes	No	Yes	--	--	--	Yes	No	Yes
99	../doomtowndb/04_files/01099.jpg	2	2	Auto Cattle-Feeder	K	♥	Goods	0									MS	7	Improvement. Gadget. Difficulty 7. After this is invented, attach it to a Ranch that you control. Controller Noon, Boot: Gain 1 ghost rock.	--	--	--	--	--	--	--	--	--	Yes	No	No	No	No	No	Yes	--	--	--	No	No	No
100	../doomtowndb/04_files/01100.jpg	2	2	Soul Blast	A	♥	Spell	1									HK	X	Hex. Shootout Hex X, Boot: Choose a dude in this shootout, X is that dude's grit. If successful, send the dude home booted. Ifsuccessful by 6 or more, ace the dude instead. If unsuccessful, move this Huckster home booted.	--	--	--	--	--	--	--	--	--	No	No	No	No	Yes	No	Yes	--	--	--	--	--	--
101	../doomtowndb/04_files/01101.jpg	2	2	Ace in the Hole	3	♥	Spell	0									HK	6	Hex. React Hex 6, Boot: When you reveal your draw hand in a shootout, boot this Huckster.  Ace a card in your draw hand.  Replace it with a card from your play hand.	--	--	--	--	--	--	--	--	--	No	No	No	Yes	No	No	Yes	--	--	--	--	--	--
102	../doomtowndb/04_files/01102.jpg	2	2	Shadow Walk	10	♥	Spell	0									HK	7	Hex. Noon Hex 7, Boot: Move this Huckster to any location. Shootout Hex 7, Boot: Move this Huckster to join your posse.  You may make another Shootout play.	--	--	--	--	--	--	--	--	--	Yes	No	No	No	Yes	No	Yes	--	--	--	--	--	--
103	../doomtowndb/04_files/01103.jpg	2	2	Blood Curse	Q	♥	Spell	1									HK	9	Hex. Noon Hex 9, Boot: A dude at this or an adjacent location gets -1 influence and -1 bullets. Shootout Hex 9, Boot: One opposing dude gets -2 bullets.	--	--	--	--	--	--	--	--	--	Yes	No	No	No	Yes	No	Yes	--	--	--	--	--	--
104	../doomtowndb/04_files/01104.jpg	2	2	Raising Hell	K	♥	Spell	0									HK	8	Hex. Shootout Hex 8, Boot: Ace a card from your play hand. One Abomination from your Boot Hill enters play (pay all costs) and joins this Huckster's posse. Ace this card.	--	--	--	--	--	--	--	--	--	No	No	No	No	Yes	No	Yes	--	--	--	--	--	--
105	../doomtowndb/04_files/01105.jpg	1	2	Establishin' Who's in Charge	A	♣	Action	1											Noon Job: Mark an in-town deed. If successful, the deed permanently gains 1 control point.	--	--	--	--	--	--	--	--	--	No	Yes	No	No	No	No	No	--	--	--	--	--	--
106	../doomtowndb/05_files/01106.jpg	1	2	Hired Guns	A	♣	Action	1											Noon: Place a dude from your discard pile into your hand.	--	--	--	--	--	--	--	--	--	Yes	No	No	No	No	No	No	--	--	--	--	--	--
107	../doomtowndb/05_files/01107.jpg	0	2	Lady Luck	A	♣	Action	0											Noon: You can discard as many of your cards as you like during Sundown.	--	--	--	--	--	--	--	--	--	Yes	No	No	No	No	No	No	--	--	--	--	--	--
108	../doomtowndb/05_files/01108.jpg	0	2	Bottom Dealin'	2	♣	Action	0											Cheatin' Resolution: Discard the cheatin' player's draw hand and replace it with the top five cards of your deck.	--	--	--	--	--	--	--	--	--	No	No	Yes	No	No	Yes	No	--	--	--	--	--	--
109	../doomtowndb/05_files/01109.jpg	0	2	Make the Smart Choice	2	♣	Action	0											Shootout: Reduce a dude's bullets by their influence. The dude's controller may move them home booted.	--	--	--	--	--	--	--	--	--	No	No	No	No	Yes	No	No	--	--	--	--	--	--
110	../doomtowndb/05_files/01110.jpg	2	2	Tresspassin'	2	♣	Action	0											Noon: Choose a Private deed you own. Other players' dudes there must move home booted, or gain 1 bounty each.	--	--	--	--	--	--	--	--	--	Yes	No	No	No	No	No	No	--	--	--	--	--	--
111	../doomtowndb/05_files/01111.jpg	1	2	Auction	3	♣	Action	0											Noon: Choose a deed in play. It becomes Private. If you own and control that deed, gain 1 ghost rock for each dude controlled by another player at that deed.	--	--	--	--	--	--	--	--	--	Yes	No	No	No	No	No	No	--	--	--	--	--	--
112	../doomtowndb/05_files/01112.jpg	0	2	The Stakes Just Rose	3	♣	Action	0											Shootout: Move one of your dude into your posse.  That dude becomes a stud.	--	--	--	--	--	--	--	--	--	No	No	No	No	Yes	No	No	--	--	--	--	--	--
113	../doomtowndb/05_files/01113.jpg	0	2	Sun in Yer Eyes	3	♣	Action	0											Shootout: Choose a dude this shootout. That dude gets -2 bullets (minimum 0) and becomes a draw.	--	--	--	--	--	--	--	--	--	No	No	No	No	Yes	No	No	--	--	--	--	--	--
114	../doomtowndb/05_files/01114.jpg	2	2	Ambush	4	♣	Action	4											Noon Job, Boot: Mark a dude. If the mark is not wanted, raise the bounty on each dude in your posse by 1. If successful, ace the mark.	--	--	--	--	--	--	--	--	--	No	Yes	No	No	No	No	Yes	--	--	--	--	--	--
115	../doomtowndb/05_files/01115.jpg	0	2	Coachwhip!	4	♣	Action	0											Cheatin' Resolution: The cheatin' player must boot a dude. If in a shootout, that dude gets aced instead. If you have a legal hand, you choose the dude to boot or ace.	--	--	--	--	--	--	--	--	--	No	No	Yes	No	No	Yes	No	--	--	--	--	--	--
116	../doomtowndb/05_files/01116.jpg	0	2	War Paint	4	♣	Action	0											Noon: One of your dudes gets +2 bullets.	--	--	--	--	--	--	--	--	--	Yes	No	No	No	No	No	No	--	--	--	--	--	--
117	../doomtowndb/05_files/01117.jpg	0	2	Bad Company	5	♣	Action	0											Noon:  Choose a wanted dude.  That dude gets +3 bullets and is a stud.  If this dude is discarded or aced, the player responsible gains 4 extra ghost rock.	--	--	--	--	--	--	--	--	--	Yes	No	No	No	No	No	No	--	--	--	--	--	--
118	../doomtowndb/05_files/01118.jpg	1	2	Hiding in the Shadows	5	♣	Action	0											Noon: Choose on of your dudes. Other players cannot choose or affect that dude with Shootout abilities.	--	--	--	--	--	--	--	--	--	Yes	No	No	No	No	No	No	--	--	--	--	--	--
119	../doomtowndb/05_files/01119.jpg	0	2	Pistol Whip	5	♣	Action	0											Shootout: Boot your dude in this posse to send a dude in the other posse home booted.  Your dude gets -1 bullets.	--	--	--	--	--	--	--	--	--	No	No	No	No	Yes	No	Yes	--	--	--	--	--	--
120	../doomtowndb/05_files/01120.jpg	2	2	Concealed Weapons	6	♣	Action	0											Noon: You may use shoppin' as a Shootout play, and at any location.	--	--	--	--	--	--	--	--	--	Yes	No	No	No	No	No	No	--	--	--	--	--	--
121	../doomtowndb/05_files/01121.jpg	2	2	Hot Lead Flyin'	6	♣	Action	0											React: After you take casualties for losing a round of a shootout, pull.  For each dude you have (still in the posse) with a value higher than the pull, the winner takes 1 casualty.	--	--	--	--	--	--	--	--	--	No	No	No	Yes	No	No	No	--	--	--	--	--	--
122	../doomtowndb/05_files/01122.jpg	2	2	One Good Turn …	6	♣	Action	0											Noon: Draw a card. Cheatin' Resolution:  Gain 3 ghost rock.	--	--	--	--	--	--	--	--	--	Yes	No	Yes	No	No	Yes	No	--	--	--	--	--	--
123	../doomtowndb/05_files/01123.jpg	2	2	Kidnappin'	7	♣	Action	0											Noon Job, Boot: Mark a dude. Your posse must have more total bullets than the marked dude.  Raise the bounty of each dude in your posse by 1.  If successful, discard the mark.	--	--	--	--	--	--	--	--	--	No	Yes	No	No	No	No	Yes	--	--	--	--	--	--
124	../doomtowndb/05_files/01124.jpg	1	2	Pinned Down	7	♣	Action	0											Shootout: Choose a dude. They must be selected as the first casualty.  If that dude is chosen to be the shooter, they get -3 bullets.	--	--	--	--	--	--	--	--	--	No	No	No	No	Yes	No	No	--	--	--	--	--	--
125	../doomtowndb/05_files/01125.jpg	2	2	Run 'Em Down!	7	♣	Action	0											Noon: Choose any number of your dudes, each with a Horse, at one location. Move them to an adjacent location that has an opposing dude without a Horse.  Boot that dude. You may call that dude out.	--	--	--	--	--	--	--	--	--	Yes	No	No	No	No	No	No	--	--	--	--	--	--
126	../doomtowndb/05_files/01126.jpg	0	2	Bounty Hunter	8	♣	Action	2											Noon: A 2-Stud Gunslinger token enters play at a wanted dude's location.  The Gunslinger calls out that dude, who cannot refuse.  Remove the Gunslinger token from the game after the shootout.	--	--	--	--	--	--	--	--	--	Yes	No	No	No	No	No	No	--	--	--	--	--	--
127	../doomtowndb/06_files/01127.jpg	2	2	Reserves	8	♣	Action	0											Noon: Gain 1 ghost rock.	--	--	--	--	--	--	--	--	--	Yes	No	No	No	No	No	No	--	--	--	--	--	--
128	../doomtowndb/06_files/01128.jpg	2	2	Rumors	8	♣	Action	0											Noon: Choose a dude.  That dude gets -1 influence while at any location except home.	--	--	--	--	--	--	--	--	--	Yes	No	No	No	No	No	No	--	--	--	--	--	--
129	../doomtowndb/06_files/01129.jpg	2	2	Cheatin' Varmint	9	♣	Action	0											Resolution:  Pay 5 ghost rock to lower a player's draw hand rank by 2 ranks. Cheatin' Resolution:  Lower a player's draw hand by 2 ranks.	--	--	--	--	--	--	--	--	--	Yes	No	Yes	No	No	Yes	No	--	--	--	--	--	--
130	../doomtowndb/06_files/01130.jpg	2	2	Fresh Horses	9	♣	Action	0											Noon: Unboot all your Horses at one location. Any abilities on the Horses that have been used can be used an extra time.	--	--	--	--	--	--	--	--	--	Yes	No	No	No	No	No	No	--	--	--	--	--	--
131	../doomtowndb/06_files/01131.jpg	2	2	Magical Distraction	9	♣	Action	0											Cheatin' Resolution: Discard a spell from your dude in this posse and pull. Your draw hand rank equals the value of your pull.	--	--	--	--	--	--	--	--	--	No	No	Yes	No	No	Yes	No	--	--	--	--	--	--
132	../doomtowndb/06_files/01132.jpg	0	2	Extortion	10	♣	Action	0											Noon: Choose a deed that you control but do not own. Gain ghost rock equal to its production.	--	--	--	--	--	--	--	--	--	Yes	No	No	No	No	No	No	--	--	--	--	--	--
133	../doomtowndb/06_files/01133.jpg	2	2	Recruitment Drive	10	♣	Action	1											Noon Job: Mark the town square. If successful, put a dude or deed into play from your discard pile, reducing its cost by 5 ghost rock.	--	--	--	--	--	--	--	--	--	No	Yes	No	No	No	No	No	--	--	--	--	--	--
134	../doomtowndb/06_files/01134.jpg	1	2	Unprepared	10	♣	Action	0											Shootout: Boot a dude and their attached cards. That dude gets -1 bullets and cannot use abilities.  Their attached cards lose all traits, abilities, and bullet bonuses.	--	--	--	--	--	--	--	--	--	No	No	No	No	Yes	No	No	--	--	--	--	--	--
135	../doomtowndb/06_files/01135.jpg	0	2	A Coach Comes to Town	J	♣	Action	0											Noon Job:  Mark the town square.  If successful, gain 4 ghost rock. If not, each player with a dude in the opposing posse gains 4 ghost rock.	--	--	--	--	--	--	--	--	--	No	Yes	No	No	No	No	No	--	--	--	--	--	--
136	../doomtowndb/06_files/01136.jpg	2	2	Hex Slingin'	J	♣	Action	0											Resolution: Discard a Hex from your dude in this posse to raise your draw hand rank by 2.	--	--	--	--	--	--	--	--	--	No	No	No	No	No	Yes	No	--	--	--	--	--	--
137	../doomtowndb/06_files/01137.jpg	0	2	This Is a Holdup!	J	♣	Action	0											Noon: Boot your dude at a deed you don't own to take ghost rock from the owner up to the production of that deed.  Raise the bounty on your dude by the amount of ghost rock taken.	--	--	--	--	--	--	--	--	--	Yes	No	No	No	No	No	Yes	--	--	--	--	--	--
138	../doomtowndb/06_files/01138.jpg	2	2	Clear Out!	Q	♣	Action	0											Noon: Move your dude to a deed that you own but do not control.	--	--	--	--	--	--	--	--	--	Yes	No	No	No	No	No	No	--	--	--	--	--	--
139	../doomtowndb/06_files/01139.jpg	2	2	Missed!	Q	♣	Action	0											Shootout: Unboot one of your dudes in this posse.	--	--	--	--	--	--	--	--	--	No	No	No	No	Yes	No	No	--	--	--	--	--	--
140	../doomtowndb/06_files/01140.jpg	0	2	Takin' Ya With Me	Q	♣	Action	0											React: After you take casualties for losing a round of a shootout, your opponent takes 1 casualty unless each dude in their posse has higher bullets than the highest bullets among your casualties.	--	--	--	--	--	--	--	--	--	No	No	No	Yes	No	No	No	--	--	--	--	--	--
141	../doomtowndb/06_files/01141.jpg	2	2	Good Stiff Drink	K	♣	Action	0											Noon: Choose a dude's ability that has been used. That ability can be used another time.	--	--	--	--	--	--	--	--	--	Yes	No	No	No	No	No	No	--	--	--	--	--	--
142	../doomtowndb/06_files/01142.jpg	0	2	Point Blank	K	♣	Action	0											Resolution: Boot your stud dude in this posse. Your opponent must ace a dude in their posse with lower bullets than your dude's bullets.	--	--	--	--	--	--	--	--	--	No	No	No	No	No	Yes	Yes	--	--	--	--	--	--
143	../doomtowndb/06_files/01143.jpg	2	2	A Secret Tunnel	K	♣	Action	1											Noon: Move your dude from one in-town deed you own to another in-town deed you own (without booting). Make another Noon play.	--	--	--	--	--	--	--	--	--	Yes	No	No	No	No	No	No	--	--	--	--	--	--
144	../doomtowndb/06_files/01144.jpg	1	1	Joker	X	☻	Joker	0											This card is only used for draw hands and pulls. You choose its suit and value. Ace the joker after use.	--	--	--	--	--	--	--	--	--	--	--	--	--	--	--	--	--	--	--	--	--	--
145	../doomtowndb/06_files/01145.jpg	1	1	Joker	X	☻	Joker	0											This card is only used for draw hands and pulls. You choose its suit and value. Ace the joker after use.	--	--	--	--	--	--	--	--	--	--	--	--	--	--	--	--	--	--	--	--	--	--
146	../doomtowndb/06_files/01146.jpg	2	2	Gunslinger	A	♠	Dude	0	0		2		Stud	0		DR			Token. Cannot be included in decks. Remove this token from the game after this shootout.	--	--	--	--	--	--	--	--	--	No	No	No	No	No	No	No	No	No	No	--	--	--
